<?xml version="1.0" encoding="UTF-8"?>
<!DOCTYPE suite SYSTEM "http://testng.org/testng-1.0.dtd">
<suite name="Suite" parallel="tests">
	<test thread-count="5" name="Chrome Test">
		<parameter name="browser" value="Chrome"></parameter>
		<parameter name="url" value="http://google.com"></parameter>
		<classes>

			<class name="testcases.GridTest"></class>
		</classes>
	</test> <!-- Test -->
	<test thread-count="5" name="Chrome Test1">
		<parameter name="browser" value="Chrome"></parameter>
		<parameter name="url" value="http://google.com"></parameter>
		<classes>

			<class name="testcases.GridTest"></class>
		</classes>
	</test> <!-- Test -->
	<test thread-count="5" name="Chrome Test2">
		<parameter name="browser" value="Chrome"></parameter>
		<parameter name="url" value="http://google.com"></parameter>
		<classes>

			<class name="testcases.GridTest"></class>
		</classes>
	</test> <!-- Test -->
	<test thread-count="5" name="Chrome Test3">
		<parameter name="browser" value="Chrome"></parameter>
		<parameter name="url" value="http://google.com"></parameter>
		<classes>

			<class name="testcases.GridTest"></class>
		</classes>
	</test> <!-- Test -->



	<test thread-count="5" name="Firefox Test">
		<parameter name="browser" value="firefox"></parameter>
		<parameter name="url" value="http://google.com"></parameter>
		<classes>

			<class name="testcases.GridTest"></class>
		</classes>
	</test> <!-- Test -->
</suite> <!-- Suite -->
